[{
  "_id": {
    "$oid": "67bf43007e31af50c0da6c48"
  },
  "title": "DevOps",
  "description": "Geliştirme ve operasyon süreçleri",
  "order": 3,
  "subItems": [
    {
      "title": "Docker",
      "description": "Konteyner teknolojisi",
      "order": 1
    },
    {
      "title": "Kubernetes",
      "description": "Konteyner orkestrasyon platformu",
      "order": 2
    },
    {
      "title": "CI/CD",
      "description": "Sürekli entegrasyon ve dağıtım",
      "order": 3
    }
  ]
},
{
  "_id": {
    "$oid": "67bf49047e31af50c0da6c52"
  },
  "title": "Database Technologies",
  "description": "Veri depolama ve yönetim sistemleri",
  "order": 3,
  "subItems": [
    {
      "title": "MongoDB",
      "description": "NoSQL veritabanı",
      "order": 1
    },
    {
      "title": "PostgreSQL",
      "description": "İlişkisel veritabanı yönetim sistemi",
      "order": 2
    },
    {
      "title": "Redis",
      "description": "Anahtar-değer tabanlı bellek içi veritabanı",
      "order": 3
    }
  ]
},
{
  "_id": {
    "$oid": "67bf491b7e31af50c0da6c54"
  },
  "title": "Mobile Development",
  "description": "Mobil uygulama geliştirme teknolojileri",
  "order": 5,
  "subItems": [
    {
      "title": "React Native",
      "description": "Çapraz platform mobil uygulama framework'ü",
      "order": 1
    },
    {
      "title": "Flutter",
      "description": "Google tarafından geliştirilen UI toolkit",
      "order": 2
    },
    {
      "title": "Swift",
      "description": "iOS uygulama geliştirme dili",
      "order": 3
    }
  ]
},
{
  "_id": {
    "$oid": "67bf49297e31af50c0da6c56"
  },
  "title": "Cloud Computing",
  "description": "Bulut bilişim servisleri ve teknolojileri",
  "order": 6,
  "subItems": [
    {
      "title": "AWS",
      "description": "Amazon Web Services",
      "order": 1
    },
    {
      "title": "Google Cloud",
      "description": "Google'ın bulut hizmetleri platformu",
      "order": 2
    },
    {
      "title": "Azure",
      "description": "Microsoft'un bulut bilişim platformu",
      "order": 3
    }
  ]
},
{
  "_id": {
    "$oid": "67bf498f7e31af50c0da6c58"
  },
  "title": "Cybersecurity",
  "description": "Siber güvenlik teknolojileri ve uygulamaları",
  "order": 7,
  "subItems": [
    {
      "title": "Penetration Testing",
      "description": "Sistem güvenlik açıklarını test etme",
      "order": 1
    },
    {
      "title": "Firewalls",
      "description": "Ağ trafiğini filtreleyen güvenlik sistemi",
      "order": 2
    },
    {
      "title": "Encryption",
      "description": "Veri şifreleme yöntemleri",
      "order": 3
    }
  ]
},
{
  "_id": {
    "$oid": "67bf499d7e31af50c0da6c5a"
  },
  "title": "Artificial Intelligence",
  "description": "Yapay zeka teknolojileri ve uygulamaları",
  "order": 8,
  "subItems": [
    {
      "title": "Machine Learning",
      "description": "Verilerden öğrenen algoritmalar",
      "order": 1
    },
    {
      "title": "Deep Learning",
      "description": "Derin sinir ağları ile yapay zeka",
      "order": 2
    },
    {
      "title": "NLP",
      "description": "Doğal dil işleme",
      "order": 3
    }
  ]
},
{
  "_id": {
    "$oid": "67bf49a67e31af50c0da6c5c"
  },
  "title": "Game Development",
  "description": "Oyun geliştirme teknolojileri",
  "order": 9,
  "subItems": [
    {
      "title": "Unity",
      "description": "C# tabanlı oyun motoru",
      "order": 1
    },
    {
      "title": "Unreal Engine",
      "description": "Güçlü grafik motoru",
      "order": 2
    },
    {
      "title": "Godot",
      "description": "Açık kaynaklı oyun motoru",
      "order": 3
    }
  ]
},
{
  "_id": {
    "$oid": "67bf49b27e31af50c0da6c5e"
  },
  "title": "Blockchain",
  "description": "Dağıtık defter teknolojileri",
  "order": 10,
  "subItems": [
    {
      "title": "Ethereum",
      "description": "Akıllı kontratlar için blockchain platformu",
      "order": 1
    },
    {
      "title": "Bitcoin",
      "description": "İlk kripto para birimi",
      "order": 2
    },
    {
      "title": "Solana",
      "description": "Hızlı blockchain ağı",
      "order": 3
    }
  ]
},
{
  "_id": {
    "$oid": "67bf49c27e31af50c0da6c60"
  },
  "title": "UI/UX Design",
  "description": "Kullanıcı arayüzü ve deneyimi tasarımı",
  "order": 11,
  "subItems": [
    {
      "title": "Figma",
      "description": "Web tabanlı tasarım aracı",
      "order": 1
    },
    {
      "title": "Adobe XD",
      "description": "UI/UX prototipleme aracı",
      "order": 2
    },
    {
      "title": "Sketch",
      "description": "MacOS için tasarım aracı",
      "order": 3
    }
  ]
},
{
  "_id": {
    "$oid": "67bf49cc7e31af50c0da6c62"
  },
  "title": "IoT",
  "description": "Nesnelerin interneti teknolojileri",
  "order": 12,
  "subItems": [
    {
      "title": "Raspberry Pi",
      "description": "Mini bilgisayar tabanlı IoT geliştirme",
      "order": 1
    },
    {
      "title": "Arduino",
      "description": "Elektronik prototipleme platformu",
      "order": 2
    },
    {
      "title": "MQTT",
      "description": "Hafif IoT mesajlaşma protokolü",
      "order": 3
    }
  ]
},
{
  "_id": {
    "$oid": "67bf49d67e31af50c0da6c64"
  },
  "title": "Big Data",
  "description": "Büyük veri işleme teknolojileri",
  "order": 13,
  "subItems": [
    {
      "title": "Apache Hadoop",
      "description": "Dağıtık büyük veri işleme framework'ü",
      "order": 1
    },
    {
      "title": "Apache Spark",
      "description": "Gerçek zamanlı veri analizi motoru",
      "order": 2
    },
    {
      "title": "Kafka",
      "description": "Gerçek zamanlı veri akış platformu",
      "order": 3
    }
  ]
},
{
  "_id": {
    "$oid": "67bf49de7e31af50c0da6c66"
  },
  "title": "Robotics",
  "description": "Robotik mühendisliği ve yazılımı",
  "order": 14,
  "subItems": [
    {
      "title": "ROS",
      "description": "Robot işletim sistemi",
      "order": 1
    },
    {
      "title": "Lidar",
      "description": "Hassas haritalama ve navigasyon",
      "order": 2
    },
    {
      "title": "Arduino Robotics",
      "description": "Arduino tabanlı robot geliştirme",
      "order": 3
    }
  ]
},
{
  "_id": {
    "$oid": "67bf49e77e31af50c0da6c68"
  },
  "title": "Quantum Computing",
  "description": "Kuantum bilgisayar teknolojileri",
  "order": 15,
  "subItems": [
    {
      "title": "Qiskit",
      "description": "IBM tarafından geliştirilen kuantum programlama framework'ü",
      "order": 1
    },
    {
      "title": "QuTech",
      "description": "Kuantum bilgisayar araştırmaları",
      "order": 2
    },
    {
      "title": "Quantum Cryptography",
      "description": "Kuantum şifreleme teknikleri",
      "order": 3
    }
  ]
},
{
  "_id": {
    "$oid": "67bf49f17e31af50c0da6c6a"
  },
  "title": "Augmented & Virtual Reality",
  "description": "AR ve VR teknolojileri",
  "order": 16,
  "subItems": [
    {
      "title": "Unity AR/VR",
      "description": "Unity ile artırılmış ve sanal gerçeklik geliştirme",
      "order": 1
    },
    {
      "title": "Oculus SDK",
      "description": "Oculus VR platformu için geliştirme araçları",
      "order": 2
    },
    {
      "title": "ARKit",
      "description": "Apple’ın artırılmış gerçeklik framework'ü",
      "order": 3
    }
  ]
},
{
  "_id": {
    "$oid": "67bf6ac7f57741a2647cc3db"
  },
  "title": "Frontend Development",
  "description": "Web arayüz geliştirme teknolojileri",
  "order": 1,
  "subItems": [
    {
      "title": "React.js",
      "description": "Modern web uygulamaları için JavaScript kütüphanesi",
      "order": 1,
      "slug": "reactjs",
      "content": "<h2>React.js Nedir?</h2> <p>React.js, Facebook tarafından geliştirilen ve açık kaynak olarak sunulan bir JavaScript kütüphanesidir. Modern web arayüzleri geliştirmek için kullanılan en popüler frontend teknolojilerinden biridir. Bileşen tabanlı yapısı sayesinde büyük ölçekli projelerde kod tekrarını azaltır ve geliştirme sürecini hızlandırır.</p> <h2>React'in Temel Özellikleri</h2> <p>- **Virtual DOM Kullanımı:** Gerçek DOM manipülasyonunu minimize ederek performansı artırır.<br> - **Component Tabanlı Mimari:** UI bileşenleri tekrar kullanılabilir ve yönetilebilir bir yapıya sahiptir.<br> - **JSX ile Deklaratif Kullanıcı Arayüzü:** HTML benzeri sözdizimi sayesinde kod okunabilirliğini artırır.<br> - **Tek Yönlü Veri Akışı:** Öngörülebilir state yönetimi sağlar ve hata ayıklamayı kolaylaştırır.<br> - **React Hooks Desteği:** Sınıfsız bileşenlerde state ve diğer React özelliklerini kullanmayı mümkün kılar.</p> <h2>Neden React Kullanmalıyız?</h2> <p>- **Yüksek Performans:** Virtual DOM sayesinde sayfa güncellemeleri minimum seviyeye indirilir.<br> - **Geniş Topluluk ve Ekosistem:** Açık kaynak olması sayesinde sürekli güncellenen ve geniş bir geliştirici kitlesi tarafından desteklenen bir kütüphanedir.<br> - **Kolay Öğrenilebilirlik:** JSX ve bileşen tabanlı yapı, yeni başlayanlar için anlaşılır ve kolay bir öğrenme süreci sunar.<br> - **Esneklik:** React, Next.js, Gatsby veya Vite gibi araçlarla entegre edilerek farklı ihtiyaçlara yönelik çözümler sunabilir.<br> - **Mobil Geliştirme Desteği:** React Native ile aynı kod yapısını kullanarak mobil uygulamalar geliştirmek mümkündür.</p> <h2>React ile Geliştirme</h2> <p>React geliştirme sürecinde farklı araçlar ve yöntemler kullanılarak verimli projeler oluşturulabilir.</p> <h3>1. React Projesi Başlatma</h3> <p>Yeni bir React projesi başlatmak için aşağıdaki araçlardan birini kullanabilirsiniz:</p> <ul> <li><strong>Create React App (CRA):</strong> Hızlı başlangıç için en yaygın kullanılan araç.</li> <li><strong>Vite:</strong> Daha hızlı ve hafif bir geliştirme ortamı sunar.</li> <li><strong>Next.js:</strong> Server-side rendering (SSR) ve statik site oluşturma (SSG) desteği sağlar.</li> </ul> <h3>2. React Bileşenleri</h3> <p>React uygulamaları, bileşenlerden (components) oluşur. Bu bileşenler tekrar kullanılabilir ve farklı bölümlere ayrılarak kodun düzenlenmesini kolaylaştırır.</p> <h3>3. State ve Props Yönetimi</h3> <p>- **State:** Bir bileşenin iç durumunu tutar ve güncellendiğinde UI'yi tekrar render eder.<br> - **Props:** Bileşenler arasında veri aktarımını sağlar.</p> <h3>4. React Hooks</h3> <p>React 16.8 ile birlikte gelen Hooks, sınıfsız bileşenlerde state ve yan etkileri yönetmeyi sağlar.</p> <ul> <li><code>useState</code> – State yönetimi için kullanılır.</li> <li><code>useEffect</code> – Yan etkileri (API çağrıları, abonelikler) yönetmek için kullanılır.</li> <li><code>useContext</code> – Global state yönetimi için kullanılır.</li> </ul> <h3>5. React Router ile Sayfa Yönlendirme</h3> <p>React Router kullanarak tek sayfa uygulamalarında (SPA) farklı sayfalar arasında geçiş sağlanabilir.</p> <h3>6. State Yönetimi (Redux, Context API)</h3> <p>Geniş ölçekli uygulamalarda state yönetimi için Redux veya Context API kullanılabilir.</p> <h3>7. API Entegrasyonu</h3> <p>React ile REST API veya GraphQL kullanarak dinamik veri çekme ve yönetme işlemleri gerçekleştirilebilir.</p> <h2>Sonuç</h2> <p>React, modern web uygulamalarını hızlı ve ölçeklenebilir şekilde geliştirmek için güçlü ve esnek bir çözümdür. Component tabanlı mimarisi, performans odaklı yapısı ve geniş topluluk desteği ile hem küçük ölçekli projeler hem de büyük kurumsal uygulamalar için ideal bir frontend kütüphanesidir.</p>"
    },
    {
      "title": "Next.js",
      "description": "React tabanlı full-stack web framework",
      "order": 2,
      "slug": "nextjs",
      "content": "<h2>Next.js Nedir?</h2> <p>Next.js, React tabanlı bir web framework’üdür. Vercel tarafından geliştirilen Next.js, server-side rendering (SSR), statik site generation (SSG) ve API routes gibi gelişmiş özellikleri ile tam kapsamlı web uygulamaları geliştirmeyi sağlar. SEO dostu yapısı, yüksek performansı ve esnekliği sayesinde modern web projeleri için ideal bir çözümdür.</p> <h2>Next.js Özellikleri</h2> <p>- **Otomatik Sayfa Yönlendirme:** Next.js, sayfa bazlı yönlendirme sistemi sunar ve her `pages` klasöründeki dosya otomatik olarak bir rota oluşturur.<br> - **Server-Side Rendering (SSR):** Sayfaların sunucu tarafında render edilmesini sağlayarak dinamik içerikleri SEO dostu hale getirir.<br> - **Static Site Generation (SSG):** Önceden oluşturulmuş statik HTML dosyaları ile ultra hızlı sayfa yüklemeleri sağlar.<br> - **Incremental Static Regeneration (ISR):** Belirtilen aralıklarla sayfaları yeniden oluşturabilir ve dinamik içeriği statik hızında sunabilir.<br> - **API Routes:** Backend ihtiyacını azaltmak için sunucu tarafında API endpoint’leri oluşturmayı sağlar.<br> - **Otomatik Kod Bölümleme:** Sayfalar yalnızca ihtiyacı olan kodları yükleyerek uygulamanın performansını artırır.<br> - **Full-stack Desteği:** Next.js hem frontend hem de backend için çözümler sunarak tam kapsamlı projeler geliştirmeye olanak tanır.</p> <h2>Next.js Avantajları</h2> <p>- **Daha Hızlı Performans:** Statik önbellekleme ve otomatik kod bölme sayesinde sayfalar daha hızlı yüklenir.<br> - **SEO Dostu:** SSR ve SSG desteği ile arama motorları sayfaları daha verimli indeksleyebilir.<br> - **Kolay Yönlendirme Sistemi:** Dosya bazlı yönlendirme sayesinde karmaşık router yapılarına gerek kalmaz.<br> - **Yerleşik API Desteği:** API routes ile harici bir backend olmadan sunucu tarafında işlemler gerçekleştirebilir.<br> - **Geniş Topluluk ve Ekosistem:** React tabanlı olması sayesinde geniş bir geliştirici kitlesi tarafından desteklenir.<br> - **Vercel ile Kolay Dağıtım:** Vercel platformuna entegre olarak tek komutla hızlı deployment yapabilirsiniz.</p> <h2>Next.js ile Geliştirme</h2> <p>Next.js kullanarak modern, hızlı ve ölçeklenebilir web uygulamaları geliştirmek mümkündür. Aşağıda Next.js ile geliştirme sürecinde izlenebilecek temel adımlar verilmiştir.</p> <h3>1. Next.js Projesi Başlatma</h3> <p>Yeni bir Next.js projesi başlatmak oldukça basittir. İlgili komutları çalıştırarak, Next.js projenizi hızlıca oluşturabilirsiniz.</p> <h3>2. Sayfa Yönlendirme</h3> <p>Next.js, `pages/` klasöründeki her dosyayı otomatik olarak bir sayfa olarak kabul eder. Bu sayede sayfa yönlendirme işlemleri oldukça basitleşir.</p> <h3>3. API Routes Kullanımı</h3> <p>Next.js ile backend işlemleri için API endpoint’leri oluşturmak mümkündür. API routes sayesinde sunucu tarafı işlemlerini kolayca gerçekleştirebilirsiniz.</p> <h3>4. Server-Side Rendering (SSR) ve Static Site Generation (SSG)</h3> <p>Next.js, hem server-side rendering (SSR) hem de static site generation (SSG) yöntemlerini destekler. Bu, içeriklerin daha hızlı yüklenmesini ve SEO uyumlu hale gelmesini sağlar.</p> <h3>5. CSS ve Stilling</h3> <p>Next.js, global CSS, CSS modules ve üçüncü taraf kütüphanelerle stillendirme işlemlerini destekler. Projenizde ihtiyaçlarınıza göre en uygun stillendirme yöntemini seçebilirsiniz.</p> <h3>6. Deployment</h3> <p>Next.js projelerini Vercel, Netlify ya da kendi sunucularınıza kolayca deploy edebilirsiniz. Vercel platformu ile tek komutla hızlıca dağıtım yapabilirsiniz.</p> <h2>Sonuç</h2> <p>Next.js, React tabanlı projeleri optimize etmek, SEO uyumlu hale getirmek ve yüksek performanslı uygulamalar geliştirmek için güçlü ve esnek bir framework’tür. Gelişmiş özellikleri, kolay kullanımı ve geniş ekosistemi sayesinde modern web geliştirme için mükemmel bir tercihtir.</p>"
    },
    {
      "title": "TypeScript",
      "description": "JavaScript için tip güvenliği",
      "order": 3,
      "slug": "typescript",
      "content": "<h2>TypeScript Nedir?</h2> <p>TypeScript, Microsoft tarafından geliştirilen ve JavaScript'e statik tip kontrolü ekleyen bir programlama dilidir. JavaScript'in tüm özelliklerini desteklerken, daha güvenli ve ölçeklenebilir kod yazmaya olanak tanır. TypeScript, özellikle büyük ve karmaşık projelerde hataların erken aşamalarda tespit edilmesini sağlar. JavaScript'e ek olarak, sınıf tabanlı yapıları, arayüzler (Interfaces) ve tip kontrolünü sunarak geliştiricilere daha güvenli ve verimli bir çalışma ortamı sağlar.</p> <h2>TypeScript'in Özellikleri</h2> <p>- Statik tip sistemi sayesinde hataları derleme aşamasında tespit eder. Bu, runtime hatalarının azalmasını sağlar ve geliştirme sürecini hızlandırır.<br> - Interface ve Type tanımlamaları ile veri yapılarını daha iyi organize etmeyi sağlar. Bu özellik, karmaşık veri yapılarının daha yönetilebilir hale gelmesini sağlar.<br> - Nesne yönelimli programlama desteği sunarak class ve interface gibi kavramları destekler. Bu, daha modüler ve yeniden kullanılabilir kod yazmayı mümkün kılar.<br> - Modern JavaScript özelliklerini içeren ve tarayıcı uyumluluğunu artıran bir yapı sunar. TypeScript, ES6 ve daha yeni sürümlerin özelliklerini doğal olarak destekler.<br> - Gelişmiş IDE desteği ile kod tamamlama ve hata ayıklama süreçlerini kolaylaştırır. TypeScript, kod yazarken anında hata tespiti ve öneriler sunar, bu da verimliliği artırır.</p> <h2>TypeScript Kullanmanın Faydaları</h2> <p>TypeScript, özellikle büyük ölçekli projelerde hata oranını düşürerek geliştirme sürecini hızlandırır. Statik tip sistemi, yanlış veri kullanımını önleyerek daha güvenli bir kod yapısı oluşturulmasını sağlar.</p> <p>- Derleme aşamasında hataları yakalayarak runtime hatalarını minimize eder. Bu, uygulamanın daha sağlam ve güvenilir olmasını sağlar.<br> - Açık ve anlaşılır kod yapısı ile ekip çalışmasını kolaylaştırır. TypeScript, büyük ekiplerin aynı projede daha verimli bir şekilde çalışmasını sağlar.<br> - JavaScript ile tamamen uyumlu olduğu için mevcut projelere kolayca entegre edilebilir. Mevcut JavaScript projelerine, minimal değişikliklerle TypeScript eklenebilir.<br> - Tip desteği sayesinde kod tamamlama ve refaktör süreçlerini hızlandırır. Geliştiriciler, doğru ve tutarlı bir şekilde kod yazarken zaman kazanır.</p> <h2>TypeScript ile Geliştirme</h2> <p>TypeScript kullanarak React, Angular ve Node.js gibi platformlarda daha güvenli ve modüler kodlar yazabilirsiniz. TypeScript, büyük projelerde kodun okunabilirliğini artırarak bakım maliyetini düşürür ve geliştirme sürecini daha verimli hale getirir.</p> <p>TypeScript’i kullanmaya başlamak için Node.js yüklü bir ortamda npm install -g typescript komutunu çalıştırarak kurulumu gerçekleştirebilirsiniz. Daha sonra tsc komutu ile TypeScript dosyalarınızı JavaScript’e çevirebilirsiniz. Ayrıca, TypeScript destekleyen bir IDE veya editör kullanarak daha verimli bir şekilde kod yazabilirsiniz.</p>\n"
    }
  ]
},
{
  "_id": {
    "$oid": "67bf7135f57741a2647cc3dd"
  },
  "title": "Backend Development",
  "description": "Sunucu tarafı geliştirme teknolojileri",
  "order": 2,
  "subItems": [
    {
      "title": "Node.js",
      "description": "JavaScript runtime ortamı",
      "order": 1,
      "slug": "nodejs",
      "content": "<h2>Node.js Nedir?</h2> <p>Node.js, Chrome'un V8 JavaScript motoru üzerine kurulu, sunucu tarafında çalışan, açık kaynaklı ve çapraz platform destekli bir çalışma ortamıdır. Özellikle yüksek performanslı ve ölçeklenebilir ağ uygulamaları geliştirmek için tasarlanmıştır. Node.js, JavaScript'in tarayıcı dışındaki ortamda çalışmasına olanak tanır ve modern web uygulamalarının sunucu tarafında geliştirilmesini kolaylaştırır.</p> <h2>Node.js'in Temel Özellikleri</h2> <p>- **Asenkron ve Event-Driven Mimari:** Node.js, olay tabanlı (event-driven) ve asenkron çalışma prensibi sayesinde yüksek performans sunar.<br> - **Non-blocking I/O Modeli:** Giriş/çıkış işlemlerinde bekleme yapmadan (non-blocking) işlem gerçekleştirdiği için, çok sayıda isteğe hızlı yanıt verebilir.<br> - **Tek Thread Üzerinde Çalışma:** Node.js, tek bir thread üzerinde çalışarak iş parçacıkları arasındaki senkronizasyon sorunlarını minimize eder.<br> - **Geniş Paket Ekosistemi (npm):** Dünyanın en büyük açık kaynak paket yöneticilerinden biri olan `npm` (Node Package Manager) sayesinde binlerce modüle erişim sağlar.<br> - **Çapraz Platform Desteği:** Windows, macOS ve Linux gibi farklı işletim sistemlerinde çalışabilir, böylece geliştirme süreçlerini esnek hale getirir.</p> <h2>Node.js Kullanım Alanları</h2> <p>- **Web Sunucuları ve API'ler:** Node.js, RESTful API'ler ve GraphQL servisleri oluşturmak için sıkça kullanılır.<br> - **Gerçek Zamanlı (Real-Time) Uygulamalar:** WebSocket desteği sayesinde sohbet (chat) uygulamaları, anlık bildirim sistemleri ve online çok oyunculu oyunlar geliştirmek için idealdir.<br> - **Mikroservis Mimarisi:** Hafif yapısı ve ölçeklenebilirliği sayesinde mikroservis tabanlı mimarilerde yaygın olarak tercih edilir.<br> - **Komut Satırı (CLI) Araçları:** Node.js ile komut satırı uygulamaları ve otomasyon araçları geliştirilebilir.<br> - **IoT (Nesnelerin İnterneti) ve Gömülü Sistemler:** Düşük bellek tüketimi sayesinde IoT cihazları ve gömülü sistemlerde de kullanılabilir.</p> <h2>Node.js ile Geliştirme</h2> <p>Node.js ile geliştirme yaparken aşağıdaki araç ve teknolojiler kullanılabilir:</p> <h3>Popüler Framework ve Kütüphaneler</h3> <p>- **Express.js:** Hafif ve minimal bir web uygulama framework'ü olup, API geliştirmek için sıklıkla kullanılır.<br> - **Nest.js:** TypeScript tabanlı, modüler ve ölçeklenebilir bir framework olup büyük projeler için uygundur.<br> - **Socket.io:** Gerçek zamanlı, çift yönlü iletişim sağlayan bir kütüphanedir ve anlık mesajlaşma gibi uygulamalarda kullanılır.<br> - **GraphQL:** REST’e alternatif olarak, veri sorgulama ve manipülasyonunu daha esnek hale getiren bir API teknolojisidir.</p> <h3>Asenkron Programlama</h3> <p>Node.js, asenkron programlama modeli sayesinde yüksek performans sunar. Asenkron işlemleri yönetmek için:</p> <p>- **Callback Fonksiyonları:** İlk asenkron programlama yöntemlerinden biridir ancak \"callback hell\" sorununa yol açabilir.<br> - **Promises:** Daha okunabilir bir yapı sağlar ve `.then()` ile işlemlerin sıralanmasını mümkün kılar.<br> - **async/await:** Promise tabanlı işlemleri daha senkron bir kod görünümünde yazmayı sağlar ve hata yönetimini kolaylaştırır.</p> <h3>Veritabanı Kullanımı</h3> <p>Node.js ile çeşitli veritabanları kullanılabilir:</p> <p>- **MongoDB:** NoSQL veritabanı olup, genellikle `Mongoose` kütüphanesi ile birlikte kullanılır.<br> - **MySQL ve PostgreSQL:** SQL tabanlı veritabanları için `Sequelize` veya `Knex.js` gibi ORM araçları kullanılabilir.<br> - **Redis:** Önbellekleme (caching) ve gerçek zamanlı veri yönetimi için yaygın olarak tercih edilir.</p> <h2>Sonuç</h2> <p>Node.js, yüksek performansı, geniş ekosistemi ve esnek mimarisi sayesinde modern web ve sunucu tarafı uygulamalarında güçlü bir seçenektir. Asenkron yapısı ve geniş topluluk desteği ile her ölçekteki projeye uygun bir çözümdür. Geliştiriciler, Express.js gibi frameworkler ve async/await gibi modern JavaScript özellikleriyle Node.js projelerini daha verimli hale getirebilir.</p>"
    },
    {
      "title": "Express.js",
      "description": "Web uygulamaları için minimal framework",
      "order": 2,
      "slug": "expressjs",
      "content": "<h2>Express.js Nedir?</h2> <p>Express.js, Node.js için geliştirilmiş, minimalist ve esnek bir web uygulama framework'üdür. Web uygulamaları ve API'ler oluşturmayı kolaylaştıran, hafif ve performanslı bir yapıya sahiptir. HTTP isteklerini yönetmek, yönlendirme (routing) işlemlerini gerçekleştirmek ve middleware (ara katman yazılımları) kullanarak uygulama mantığını genişletmek için güçlü bir araç sunar. Express.js, Node.js'in sağladığı özellikleri daha kullanışlı hale getirerek geliştiricilerin hızlı ve verimli bir şekilde uygulama geliştirmesine yardımcı olur.</p> <h2>Express.js Özellikleri</h2> <p>- **Middleware Desteği:** HTTP istek ve yanıtlarını işlemek, oturum yönetimi, hata yakalama gibi işlemler için özelleştirilebilir middleware modülleri kullanılabilir.<br> - **Routing Sistemi:** URL bazlı yönlendirme (routing) mekanizması sayesinde farklı endpoint'ler tanımlayarak API geliştirme sürecini kolaylaştırır.<br> - **Statik Dosya Sunumu:** CSS, JavaScript ve resim gibi statik dosyaları kolayca sunma desteği sağlar.<br> - **Template Engine Entegrasyonu:** EJS, Pug, Handlebars gibi template motorları ile dinamik HTML sayfaları oluşturulabilir.<br> - **Error Handling (Hata Yönetimi):** Hata yakalama mekanizması ile uygulamalardaki hata yönetimini kolaylaştırır.<br> - **HTTP Yardımcıları:** JSON verisi işleme, request ve response yönetimi gibi HTTP işlemlerini basitleştiren çeşitli yardımcı fonksiyonlar sunar.</p> <h2>Express.js Avantajları</h2> <p>- **Kolay Öğrenme Eğrisi:** Temel JavaScript ve Node.js bilgisi ile kolayca öğrenilebilir ve uygulanabilir.<br> - **Yüksek Performans:** Hafif ve optimize edilmiş yapısı sayesinde web uygulamalarında hızlı yanıt süreleri sunar.<br> - **Geniş Middleware Ekosistemi:** Kullanıma hazır binlerce middleware modülü sayesinde kimlik doğrulama, hata yönetimi ve veri işleme gibi işlevleri hızlıca entegre edebilirsiniz.<br> - **Esnek Yapı:** MVC (Model-View-Controller) gibi farklı mimarileri destekleyerek geliştiricilere özgürlük tanır.<br> - **Aktif Topluluk Desteği:** Geniş topluluğu sayesinde bol miktarda dokümantasyon, açık kaynak projeler ve forum desteği sunar.</p> <h2>Express.js ile Geliştirme</h2> <p>Express.js ile çeşitli uygulama türleri geliştirilebilir:</p> <h3>1. RESTful API Geliştirme</h3> <p>Express.js, REST API'ler oluşturmak için en popüler framework'lerden biridir. CRUD (Create, Read, Update, Delete) işlemleri kolayca yönetilebilir ve JSON formatında veri işleyebilir.</p> <h3>2. Web Uygulamaları</h3> <p>Template motorları (EJS, Pug) ile birlikte kullanılarak dinamik HTML sayfaları oluşturulabilir. Express.js, kullanıcı oturumu yönetimi ve form işleme gibi özellikleri destekleyerek tam ölçekli web uygulamaları geliştirmeye olanak tanır.</p> <h3>3. Mikroservis Mimarisi</h3> <p>Express.js, ölçeklenebilir ve bağımsız hizmetlerden oluşan mikroservis mimarileri oluşturmak için uygundur. Hafif ve esnek yapısı sayesinde büyük ölçekli projelerde tercih edilir.</p> <h3>4. Middleware Kullanımı</h3> <p>Middleware, Express.js’in en güçlü özelliklerinden biridir. Aşağıdaki yaygın middleware işlemleri kolayca entegre edilebilir:</p> <p>- **Kimlik Doğrulama (Authentication):** `passport.js`, `jsonwebtoken` (JWT) gibi kütüphaneler ile güvenli kullanıcı girişleri sağlanabilir.<br> - **Günlükleme (Logging):** `morgan` gibi middleware'ler ile HTTP istekleri loglanabilir.<br> - **CORS Yönetimi:** `cors` middleware'i ile çapraz kaynak (Cross-Origin) istekler kontrol edilebilir.<br> - **Hata Yönetimi:** Merkezi hata yönetimi sayesinde sistemde oluşan hatalar daha etkin bir şekilde ele alınabilir.</p> <h2>Sonuç</h2> <p>Express.js, web uygulamaları ve API'ler geliştirmek için hızlı, esnek ve kolay öğrenilebilir bir framework'tür. Minimalist yapısı sayesinde temel web sunucularından büyük ölçekli mikroservis mimarilerine kadar geniş bir kullanım alanı sunar. Middleware ekosistemi, geniş topluluk desteği ve performans avantajları ile Node.js tabanlı projelerde en çok tercih edilen framework’lerden biridir.</p>"
    },
    {
      "title": "MongoDB",
      "description": "NoSQL veritabanı sistemi",
      "order": 3,
      "slug": "mongodb",
      "content": "<h2>MongoDB Nedir?</h2> <p>MongoDB, döküman tabanlı, NoSQL bir veritabanı yönetim sistemidir. Geleneksel ilişkisel veritabanlarından farklı olarak JSON benzeri BSON (Binary JSON) formatını kullanarak esnek bir veri saklama modeli sunar. Şema zorunluluğunun olmaması sayesinde dinamik ve ölçeklenebilir veritabanı yapıları oluşturmak mümkündür. MongoDB, modern web ve mobil uygulamalar için yüksek performans, esneklik ve kolay ölçeklenebilirlik sağlar.</p> <h2>MongoDB Özellikleri</h2> <p>- **Döküman Tabanlı Yapı:** Veriler, ilişkisel veritabanlarında olduğu gibi tablolar yerine koleksiyonlar içinde JSON benzeri dokümanlar halinde saklanır.<br> - **Yatay Ölçeklenebilirlik:** Büyük veri kümeleri için sharding mekanizması ile veritabanı yatay olarak bölünebilir.<br> - **Yüksek Performans:** Okuma ve yazma işlemlerinde optimize edilmiş mimarisi sayesinde yüksek hız sunar.<br> - **Otomatik Sharding:** Verileri otomatik olarak birden fazla sunucuya bölerek büyük ölçekli uygulamalarda verimliliği artırır.<br> - **Rich Query Dili:** SQL'e benzer bir sorgulama yapısı ile filtreleme, sıralama, toplama gibi işlemleri kolayca gerçekleştirir.<br> - **Index Desteği:** Performans iyileştirmek için birden fazla alan üzerinde indeksleme yapabilir.</p> <h2>MongoDB Avantajları</h2> <p>- **Esnek Şema Yapısı:** Önceden belirlenmiş şemalar olmadan dinamik veri modelleri oluşturulabilir.<br> - **Kolay Ölçeklenebilirlik:** Yatay ölçeklenme (sharding) ve replikasyon özellikleri sayesinde büyük veri kümeleri için uygundur.<br> - **Hızlı Geliştirme Süreci:** JSON benzeri döküman formatı ve dinamik şema sayesinde geliştiricilere kolay kullanım sunar.<br> - **ACID Transaction Desteği:** MongoDB 4.0 ve sonrası, çoklu doküman işlemleri için ACID uyumlu transaction desteği sunar.<br> - **Cloud Çözümü (MongoDB Atlas):** MongoDB Atlas ile sunucu yönetimi olmadan bulut tabanlı veritabanı çözümleri sunar.</p> <h2>MongoDB ile Geliştirme</h2> <p>MongoDB, modern uygulamalarda esnek ve hızlı veri yönetimi sağlamak için birçok geliştirme aracıyla birlikte kullanılabilir:</p> <h3>1. Node.js ile MongoDB Kullanımı</h3> <p>Node.js uygulamalarında MongoDB kullanımı için `mongodb` npm paketi veya Mongoose ODM (Object-Document Mapping) kütüphanesi kullanılabilir. Mongoose, şema tanımlama ve veri yönetimi işlemlerini kolaylaştırır.</p> <h3>2. RESTful API ve GraphQL</h3> <p>MongoDB, REST API veya GraphQL kullanarak dinamik ve hızlı veri sorgulamaları yapmak için idealdir. Express.js ile entegre edildiğinde kolaylıkla RESTful servisler geliştirilebilir.</p> <h3>3. Replikasyon ve Yedeklilik</h3> <p>MongoDB'nin replikasyon mekanizması sayesinde veriler birden fazla sunucuda yedeklenebilir. Bu özellik, yüksek erişilebilirlik ve veri güvenliği sağlar.</p> <h3>4. Sharding ile Büyük Veri Yönetimi</h3> <p>Sharding, verileri parçalara bölerek dağıtık sistemlerde verimliliği artırır. MongoDB'nin otomatik sharding özelliği, büyük ölçekli veri setlerini işlemek için uygundur.</p> <h3>5. Index Kullanımı</h3> <p>MongoDB, sorgu performansını artırmak için birden fazla alan üzerinde indeks oluşturmayı destekler. Doğru indeksleme stratejileri ile veri erişimi optimize edilebilir.</p> <h2>Sonuç</h2> <p>MongoDB, esnek şeması, ölçeklenebilir yapısı ve yüksek performansı sayesinde modern web ve mobil uygulamalar için güçlü bir veritabanı çözümüdür. NoSQL mimarisi sayesinde büyük ölçekli projelerde tercih edilen MongoDB, özellikle Node.js ekosistemi ile mükemmel uyum sağlar. Geliştiriciler, Mongoose gibi araçları kullanarak veritabanı işlemlerini daha düzenli ve yönetilebilir hale getirebilirler.</p>"
    }
  ]
}]